Mode,Volume (in Cr.)
BHIM UPI,535.1895572999993
PPI,460.434
Debit Card,441.78248620000005
NACH,286.13804360000006
NEFT,231.8864189
Others,215.81796819999997
Credit Card,176.19638740000002
IMPS,175.2906070999999
AEPS,169.4107469999999
Internet Banking,151.75209299999997
Closed Loop Wallet,137.7546721
Mobile Banking,112.82158290000002
NETC,25.395414199999998
RTGS,13.6602943
BHIM Aadhaar,0.6792085999999995
USSD,0.15071930000000014
