Mode,Volume (in Cr.)
BHIM UPI,2232.960834299998
Others,630.3947325999997
PPI,493.90389999999996
Debit Card,411.4854163
NACH,362.61953040000003
IMPS,327.834466
NEFT,309.27909999999997
Internet Banking,203.9331006000001
Credit Card,176.4746186
AEPS,132.8086072000001
NETC,132.7282619
Mobile Banking,99.4131734
Closed Loop Wallet,22.865204299999995
RTGS,15.919345399999997
BHIM Aadhaar,1.608081899999999
USSD,0.10445540000000005
