Mode,Volume (in Cr.)
BHIM UPI,18584.7795664
NACH,1744.3634247999998
PPI,844.8732014999999
NEFT,809.159156
IMPS,569.2383894999999
NETC,423.37414480000007
Credit Card,384.3003605
Debit Card,210.321103
Others,137.08954709999998
Mobile Banking,37.8898867
Internet Banking,33.40009789999999
RTGS,27.6053515
AEPS,24.679400200000007
BHIM Aadhaar,2.3009218000000016
USSD,0.17170419999999983
