Mode,Volume (in Cr.)
PPI,345.90503979999994
Debit Card,334.339262
NACH,237.49083140000005
NEFT,194.63570430000001
Others,171.04453579999998
Internet Banking,149.35364360000005
Credit Card,140.50983649999998
Closed Loop Wallet,114.9808942
IMPS,101.28759450000001
AEPS,98.24600269999995
BHIM UPI,91.30271290000002
Mobile Banking,66.2056278
NETC,12.680617999999997
RTGS,12.4433267
USSD,0.22075839999999997
BHIM Aadhaar,0.19525609999999996
